Project Title,Objective,OutCome,Skills,SuperVisior
Energy-Efficient Cluster Head Selection in WSN for IoT Applications Using Metaheuristic Optimization,To design and implement an energy-efficient cluster head (CH) selection algorithm to prolong network lifetime.,Research paper,MATLAB/Python programming Optimization algorithms,Kanwaldeep Kaur(E8852)
HGNN-Care: Heterogeneous Graph Neural Networks for Predicting Multi-Disease Interactions in Women's Health,Research paper,python,Sonam Juneja(E11002)
Deep-TriFusion: A Multimodal Hybrid CNN–Transformer System for Triple-Disease Screening in Women,Research paper,python,Sonam Juneja(E11002)
AgriFormer: A Transformer-Based Architecture for Precision Crop Health Monitoring Using Multispectral Imagery,Research paper,python,Sonam Juneja(E11002)
ID-FusionNet: Multimodal Integration of Symptoms Imaging and Laboratory Data for High-Accuracy Infectious Disease Classification,Research paper,python,Sonam Juneja(E11002)
InfectScan-ViT: Vision Transformers for Imaging-Based Diagnosis of Respiratory Infectious Diseases,Research paper,python,Sonam Juneja(E11002)
Weater prediction and climate change studies,To forecast weather which is one of the greatest challenges in meteorological department. Weather prediction is necessary so as to inform people and prepare them in advance about the current and upcoming weather condition. This helps in reduction in loss of human life and loss of resources and minimizing the mitigation steps that are expected to be taken after a natural disaster occurs. Methods/Statistical analysis: This study makes a mention of various techniques and algorithms that are likely,Research paper,Knowlege of Programming,Pritpal Singh(E8067)
E Authentication System Using QR Code and OTP,In the Project once the email id and password is authenticated the user may proceed with next authentication section where he/she need to select the type of authentication as QR (Quick Response) Code or OTP (One Time Password). Once the user selects the authentication type as QR Code then system will generate a QR Code and send it to user's mail id over internet. If user select's OTP then SMS will be sent on his/her registered mobile number. If the user passes the authentication then system,Research paper,Information Security and Cryptography,Pritpal Singh(E8067)
Web Traffic Analyzer,The main idea for implementing this application is to provide a plug-in for website owners to analyze their website traffic as per day weekly monthly and analyze unique visitors for their site..Using this plug-in website owner can analyze his website and improve their site based on the stats displayed by this application.,Product,Web Development using Asp.Net,Pritpal Singh(E8067)
Rethinking Vehicular Communications: Merging VANET with cloud computing,In this project you can put forth the taxonomy of VANET based cloud computing. First you can define VANET Cloud architecture.,Product,Cloud Computing / Fog Computing using Java using eclipse,Pritpal Singh(E8067)
AI-Based Smart Surveillance System (Edge AI),To perform real-time surveillance detect intrusions or suspicious activities and reduce dependency on cloud-based processing.,Service,Python OpenCV TensorFlow Lite / PyTorch Linux OS,Jagmeet Kaur(E8387)
IoT-Based Smart Energy Monitoring and Optimization System,To monitor real-time energy consumption and optimize power usage using data analytics.,Product,Arduino IDE Embedded C ThingSpeak / Firebase,Jagmeet Kaur(E8387)
Smart Irrigation System Using Soil Moisture Sensor,To conserve water To automate irrigation To increase agricultural efficiency,Competition,Arduino Soil Moisture Sensor Relay Module Embedded C Basics of Electronics,Damandeep(E18881)
Smart Home Automation System,o understand wireless communication in IoT systems To develop skills in hardware-software integration To gain experience in designing user-controlled systems,Product,Arduino/ESP8266 Relay Modules IoT Platforms Embedded C,Damandeep(E18881)
Accident Detection and Alert System,To understand real-time event detection using sensors 2. To gain experience with GSM communication for alerts. 3. To understand system reliability and emergency response mechanisms,Competition,Arduino Accelerometer GPS GSM Module Embedded Programming,Damandeep(E18881)
Smart Energy Meter with Mobile App Monitoring,To design a low-cost smart energy monitoring system enable real-time energy tracking reduce power wastage and introduce students to IoT-based embedded solutions.,Research paper,C programming Arduino Sensors basics IoT concepts Circuit design,Navjyot Kaur(E8508)
IoT-Based Gas Leakage Detection and Alert System,To design a safety-oriented embedded system and raise awareness about IoT-based hazard monitoring.,Patent,Arduino IoT basics Sensors Embedded C Networking basics,Navjyot Kaur(E8508)
Smartly designed Irrigation System Using Soil Moisture Sensor,To develop an efficient irrigation mechanism and introduce technology-driven farming solutions.,Research paper,Sensors Arduino C programming IoT basics Electronics,Navjyot Kaur(E8508)
RFID-Based Smart Attendance System,To automate attendance management and improve accuracy using embedded technology.,Research paper,Sensors Arduino C programming IoT basics Electronics,Navjyot Kaur(E8508)
Women Safety SOS Alert and Emergency Notification System,To design safety-oriented software applications To understand emergency alert workflows To learn user input handling and notification logic To develop secure and reliable systems To apply software concepts to social issues,Product,Programming Basics UI Design Database Basics Logical Thinking Software Design,Damandeep(E18881)
Safe Route Finder Application for Women Safety,To understand route selection logic To design safety-focused applications To learn data analysis for decision making To develop user-friendly interfaces To apply algorithms to real-life problems,Product,Programming Logic Basic Algorithms UI Design Data Handling Problem Solving,Damandeep(E18881)
Student Performance Analysis System,To develop analytical thinking and apply data analysis to education systems.,Hackathon,Python Data structures SQL Statistics basics Visualization,Navjyot Kaur(E8508)
Online Complaint Management System,To build a basic full-stack application and understand real-world web workflows.,Hackathon,HTML CSS JavaScript PHP/Java Database concepts,Navjyot Kaur(E8508)
Disease Detection Using Symptoms Analysis,To understand healthcare data representation To design rule-based decision systems To apply logical conditions for disease detection To improve problem-solving skills To develop user-friendly software interfaces,Product,Python/Java Basic Data Structures Logical Reasoning UI Design File Handling,Damandeep(E18881)
Smart Resume Analyzer for Fresh Graduates,To introduce text analysis techniques and help students understand real-world applications of data analytics.,Hackathon,Python Text processing Data analytics basics File handling UI design,Navjyot Kaur(E8508)
Smart Campus Event Management and Notification System,To design a campus-level automation system improve information dissemination reduce manual communication and give students hands-on experience in developing real-world web applications.,Hackathon,HTML & CSS JavaScript Backend programming Database concepts UI design,Navjyot Kaur(E8508)
Developing a Taxi Pooling App for Residents of the Same Campus (Gchchhamh)),Solving a real world problem using computer science engineering and mobile technology.,Product,Problem solving skills Programming language UI/ UX design testing debugging,Puja Shrivastava(E17060)
Smart Lighting System using IOT,This project involves creating a smart lighting system that can be controlled by a smartphone app. The project uses IoT devices such as smart bulbs and sensors to automatically turn on and off lights and to adjust the brightness and color of the lights based on the user's preferences.,Product,Programming language IOT device knowledge Architecture sensor software knowledge,Puja Shrivastava(E17060)
Network Intrusion Detection System Using Packet Sniffing,To detect suspicious network activities using packet analysis.,Product,PC / Laptop Network Interface CardPython Wireshark Scapy Linux OS,Jagmeet Kaur(E8387)
Smart Door Lock System Using RFID and Password,To provide secure and controlled access to rooms or labs.,Service,Arduino / ESP32 RFID Reader Keypad Servo Motor LCDArduino IDE Embedded C,Jagmeet Kaur(E8387)
IoT-Based Health Monitoring System,To monitor basic health parameters and send alerts in emergencies.,Service,ESP32 / Arduino Heart Rate Sensor Temperature Sensor SpO2 SensorArduino IDE Embedded C IoT das,Jagmeet Kaur(E8387)
DECENTRALIZED VOTING APPLICATION USING BLOCKCHAIN,TO IMPLEMENT BLOCK CHAIN TECHNOLOGY WITH TOKEN BASED SYSTEMS,Product,BLOCK CHAIN,Pritpal Singh(E8067)
Voice controlled PC,To develop fully voice controlled PC to perform different task To make fully voice controlled personal computer which can perform different task,Product,Machine Learning/ Deep Learning /Python,Pritpal Singh(E8067)
Bird Species Identification from an image using Keras.,1.Identification of bird Species based on feature extraction.2.To understand the intricacies of different machine learning algorithms and to learn which algorithms gives good result for which use case.,Product,Machine Learning/ Deep Learning /Python,Pritpal Singh(E8067)
Facial Expression Detection Using PCA/Feature Extraction,To develop the algorithm for face recognition feature extraction and emotion classification using Skin Color Segmentation Knowledge-Based Approach and PCA respectively.,Product,Image Processing using Asp.Net,Pritpal Singh(E8067)
A Multimodal Machine Learning Framework for Integrated Detection of ENT Diseases,To design a unified system combining ear nose and throat data To improve diagnostic accuracy using multimodal learning To compare unimodal and multimodal diagnostic approaches,Research paper,Hardware: PC/Laptop with GPU Software: Python TensorFlow/PyTorch Scikit-learn NLP libraries Datas,Jagmeet Kaur(E8387)
NLP-Based Automated Detection of Throat Diseases from Clinical Text Reports,To analyze unstructured throat-related clinical text To predict throat diseases using NLP techniques To compare traditional NLP and deep learning models,Research paper,Hardware: PC/Laptop Software: Python NLTK/SpaCy TensorFlow/PyTorch Dataset: ENT clinical text data,Jagmeet Kaur(E8387)
Machine Learning-Based Classification of Nasal Disorders Using Clinical Symptom Data,To classify nasal diseases using symptom-based clinical data To evaluate traditional machine learning algorithms To develop a low-cost nasal disease diagnostic support system,Research paper,Hardware: Standard PC/Laptop Software: Python Scikit-learn Pandas NumPy Dataset: Clinical nasal s,Jagmeet Kaur(E8387)
Deep Learning-Based Automated Detection of Ear Diseases Using Otoscopic Images,To detect and classify common ear diseases using otoscopic images To compare CNN architectures for ear disease classification To support early and accurate diagnosis in primary healthcare,Research paper,Hardware: PC/Laptop (GPU recommended) Software: Python TensorFlow/Keras or PyTorch OpenCV Dataset:,Jagmeet Kaur(E8387)
Smart Agriculture Monitoring & Irrigation System,Automate irrigation based on real-time soil conditions.,Research paper,IoTArduino/ESP32,Komal Sharma(E14735)
Gesture-Controlled Robot,Build a robot that moves based on human gestures.,Competition,MLPythonAIIOT,Komal Sharma(E14735)
Raspberry Pi Home Security System with Alerts,Detect motion and notify the user instantly.,Research paper,AIIOT,Komal Sharma(E14735)
FPGA Traffic Light Controller with Dynamic Timing,Implement real-time traffic signal control.,Research paper,AIIOT,Komal Sharma(E14735)
Plant Disease Detection System Using Deep Learning and TensorFlow,The primary objective of this project is to design and implement a deep learning-based system for accurate plant disease detection. The project aims to automate disease identification from leaf images reduce dependency on manual inspection improve early diagnosis and enhance crop productivity. Additionally it seeks to apply TensorFlow-based CNN models to achieve reliable classification performance suitable for real-world agricultural environments.,Research paper,Python Programming,Ankita Dhiman(E11431)
Blockchain-Based Secure Voting System,Provide tamper-resistant online voting.,Research paper,Blockchain / Distributed Systems,Komal Sharma(E14735)
Real-Time Cyber security Threat Detector,Detect abnormal network activity effectively.,Book Chapter,Security Analytics / Machine Learning,Komal Sharma(E14735)
Health Analytics Portal with Predictive Insights,Analyze patient records to support medical decisions.,Research paper,Data Analytics / Web Application,Komal Sharma(E14735)
Smart Irrigation System,To optimize water usage in agriculture by automating irrigation based on soil conditions reducing wastage and supporting sustainable farming practices.,Patent,Arduino Sensors C programming IoT basics Circuit design,Surinder Kaur(E1033)
Energy Efficient Smart Street Light System,To reduce electricity consumption and promote smart city infrastructure using automation.,Patent,Arduino Sensors Embedded C Circuit design IoT basics,Surinder Kaur(E1033)
Accident Detection and Emergency Alert System,To reduce response time during accidents and improve road safety through automation.,Research paper,Arduino Sensors GPS/GSM basics Embedded C IoT,Surinder Kaur(E1033)
Sound Pollution Monitoring System using IOT,Objectives of project is to make student understand that how real world problems can be solved using Computer science and IOT. To design and develop system with hardware and software.,Product,Programming language IOT device knowledge Architecture sensor software knowledge,Puja Shrivastava(E17060)
Chat Bot for Career Guidance,The objective of the Career Guidance Chatbot project is to design and develop an intelligent conversational system that assists students in selecting suitable career paths based on their interests skills and academic background. The system aims to provide accurate information on careers higher education options certifications and entrance examinations using basic NLP and rule-based logic ensuring accessibility ease of use and practical learning of AI and web technologies.,Product,Programming SkillsBasic Natural Language Processing (NLP) Web Development Database Management Pr,Puja Shrivastava(E17060)
(Field vs Non-Field Classification using Satellite Images),1)To classify agricultural fields and non-fields using satellite images. 2)To compare two segmentation models based on performance metrics. 3)To improve accuracy in agricultural land identification.,Research paper,Python Machine Learning Deep Learning Image Processing CNN,Yogita(E19584)
Student Performance Prediction Using Machine Learning,To collect and preprocess student academic data for analysis. To develop machine learning models to predict student performance. To identify key factors affecting students' academic outcomes. To evaluate model performance using accuracy and other metrics. To support early identification of students who need academic assistance.,Research paper,Python Data Analysis Machine Learning Pandas Scikit-learn,Yogita(E19584)
AI-Based Coronary Artery Disease Risk Prediction Using Machine Learning,Study Coronary Artery Disease risk factors Apply machine learning for early risk prediction Compare performance of different ML algorithms Improve accuracy of CAD diagnosis support Support preventive healthcare decision-making,Research paper,Python Machine Learning Data Analysis Statistics Healthcare datasets,Jasmeet Kaur(E17596)
Handwritten Digit Recognition,To collect and preprocess handwritten digit image data. To design and train a machine learning / deep learning model for digit recognition. To accurately classify handwritten digits from 0 to 9. To evaluate model performance using accuracy and confusion matrix. To demonstrate the application of digit recognition in real-world systems.,Research paper,Python Neural Networks CNN Image Processing,Yogita(E19584)
Smart Classroom Automation using IoT,Reduce energy consumption Automate classroom operations Improve learning comfort,Research paper,IoT basics Sensors Embedded Systems Networking Python,Jasmeet Kaur(E17596)
Lie Detector Machine (Polygraph),To design and build an integrated system capable of real-time non-invasive stress detection. The project will use microcontrollers (Arduino) to interface with GSR and Pulse sensors employ Python for data acquisition apply signal processing for noise reduction and utilize a classification algorithm (or ML model) to analyze physiological metrics and identify signs of potential deception or high arousal.,Product,C/C++ Programming Python & Libraries Sensor Interfacing Signal Processing Real-time Visualization,Puja Shrivastava(E17060)
Credit Card Fraud Detection using Machine Learning Techniques,Study patterns of credit card fraud Build ML models for fraud detection Handle imbalanced transaction datasets Compare model performance and accuracy Reduce false positive fraud alerts,Product,Python Machine Learning Data Analysis Statistics Data Visualization,Jasmeet Kaur(E17596)
Crop Recommendation System Using Machine Learning,To recommend suitable crops using machine learning techniques. To analyze environmental factors affecting crop selection. To support data-driven decision making in agriculture.,Research paper,Python Machine Learning Data Analysis Agriculture Data,Yogita(E19584)
AI Chatbot-Integrated College Helpdesk Website,Provide 24×7 automated student support Reduce manual helpdesk workload Improve response time and accuracy Centralize college information Enhance user experience through AI chatbot,Product,HTML CSS JavaScript Python Natural Language Processing,Jasmeet Kaur(E17596)
AI-Based Disease Risk Prediction System using Machine Learning,Analyze medical and lifestyle datasets Build ML models for disease risk prediction Compare accuracy of multiple algorithms Support early disease detection Improve preventive healthcare outcomes,Research paper,Python Machine Learning Data Analysis Statistics Healthcare Data,Jasmeet Kaur(E17596)
Smart Irrigation System Using IoT,To design an automated irrigation system using soil moisture sensors. To monitor real-time soil conditions using IoT technology. To reduce water wastage through automatic water control. To improve crop productivity using smart farming techniques.,Product,Electronics Arduino Sensors,Yogita(E19584)
NGO Networking Platform (LokaSamyoga),To develop LokaSamyoga a specialized social networking platform connecting NGOs volunteers and do,Product,Full-Stack Web Development Database Management UI/UX Design Cloud Deployment Security,Puja Shrivastava(E17060)
Smart Traffic Light System Using Sensors,To develop an intelligent traffic control system using sensors. To detect vehicle density at traffic junctions. To dynamically control traffic lights based on real-time traffic. To reduce traffic congestion and waiting time.,Product,Arduino programming sensor interfacing microcontroller basics traffic management logic C/C++ or,Yogita(E19584)
Smart Traffic Signal Control System,Design a system that uses camera input to monitor traffic and adjust signal timing. This reduces wait time at junctions and improves road safety.,Product,Real-time data processing automation,Gyan Chand Yadav(E12247)
Blockchain-Based Voting System,Create a simple and secure voting system for college elections using blockchain. Voters cast their votes online and the data is protected from tamperin,Product,Solidity Ethereum web3 tools,Gyan Chand Yadav(E12247)
Career Chatbot for Students,Build a chatbot that gives students career advice based on their interests and subjects. The chatbot guides users by asking questions,Product,AI interaction decision logic,Gyan Chand Yadav(E12247)
Campus Guide App for New Students,Create a mobile app that helps students find departments classrooms and labs inside the campus. Use QR codes or simple map navigation.,Product,App development location services,Gyan Chand Yadav(E12247)
Home Energy Monitoring App,Build a system that tracks energy usage from household appliances. Users can view reports through a mobile or web app and receive alerts,Product,IoT energy efficiency app development,Gyan Chand Yadav(E12247)
Resume Builder with Smart Suggestions,Develop an online tool where users create resumes and receive smart tips to improve them. The tool can suggest better formats or missing,Product,Cloud development user interface design,Gyan Chand Yadav(E12247)
AI-Based Spam Message Classifier,Data preprocessing Vectorization .ML algorithms (Naive Bayes SVM),Product,Python Scikit-learn and NLP,Gyan Chand Yadav(E12247)
Expense Tracker App,Expense Tracker App,Product,c python,Gyan Chand Yadav(E12247)
Face Recognition–Based Door Lock System,The objective of this project is to design a secure and intelligent door locking system that authenticates users based on facial recognition. The system aims to replace traditional key-based or password-based locks with a contactless automated and reliable security solution using computer vision and artificial intelligence.,Patent,IoT programming in Arduino,Anu Kaushik(E12329)
AI-Powered Virtual Personal Fitness Trainer,1. Use AI to suggest personalized workout plans. 2. Track user progress and fitness metrics. 3. Integrate feedback mechanisms for performance improvement.,Book Chapter,TensorFlow/Keras Data Analysis Fitness APIs GUI Development.,Shaurya Vir Singh Pathania(E14642)
Real-Time Waste Bin Monitoring System for Smart Cities,The objective of this project is to develop an intelligent waste monitoring system that automatically detects the garbage fill level in waste bins and notifies the concerned authorities when the bins are full. This helps in timely waste collection prevents overflow improves cleanliness and supports efficient waste management in smart cities.,Patent,IoT programming in Arduino,Anu Kaushik(E12329)
GreenGrow: Automated Irrigation System,to automatically control water supply to plants based on soil moisture levels reducing water wastage and manual effort.,Patent,IoT programming in Arduino,Anu Kaushik(E12329)
Sleep targets highly connected global and local nodes to aid consolidation of learned graph networks,Shows how sleep influences memory consolidation through brain network activity — excellent for cognitive neuroscience emphasis.,Research paper,c++,Gurpreet Kaur(E12272)
Flower Classification,Build a model to classify flowers accurately,Research paper,Python Scikit-learn Jupyter Notebook,Ankita Dhiman(E11431)
Graph Neural Networks in Network Neuroscience,: Reviews how modern graph-based AI tools help model brain connectivity. Great if you're interested in neuroimaging or computational neuroscience.,Research paper,c++,Gurpreet Kaur(E12272)
Foundation and Large-Scale AI Models in Neuroscience: A Comprehensive Review,Connects large neural models and neuroscience research — ideal for cutting-edge interests.,Research paper,c++,Gurpreet Kaur(E12272)
The Human Connectome Project: A data acquisition perspective,Landmark paper on large-scale mapping of human brain connectivity.,Research paper,c++,Gurpreet Kaur(E12272)
Digital Peer Support Platforms and Mental Health Outcomes Among Young Adults",Evaluate how app-based peer support affects anxiety and depression outcomes using mixed methods (surveys interviews app usage data).,Product,Python DB C++,Gurpreet Kaur(E12272)
Smart Attendance System using RFID,To eliminate manual attendance errors ensure accuracy and enhance administrative efficiency.,Product,RFID Technology Microcontrollers Databases,Jaspreet Singh(E7231)
"Algorithms Bias and Inequality: Analyzing Social Media Recommendation Systems",Investigate how algorithmic feeds contribute to reinforcement of social biases and unequal access to information combining machine learning analysis with sociological theory.,Research paper,Python DB C++,Gurpreet Kaur(E12272)
Smart Attendance Management System using MERN Stack,The objective of this project is to design and implement a web-based attendance system that simplifies attendance tracking for academic institutions. The system aims to automate attendance recording reduce paperwork ensure data accuracy and provide easy access to attendance reports. It also helps students monitor their attendance status and supports faculty with efficient data management.,Product,HTML CSS JavaScript React.js Node.js,Aniket Malik(E19687)
Cloud Based Inventory Management System,To streamline inventory operations reduce losses and enable real-time decision-making for enterprises.,Research paper,Cloud Platforms SQL/NoSQL,Jaspreet Singh(E7231)
Healthy Learning in a Digital Age: Social Engagement Brain Development and Early Media Use,Healthy Learning in a Digital Age: Social Engagement Brain Development and Early Media Use,Research paper,Python DB C++,Gurpreet Kaur(E12272)
DDoS Attack Detection and Mitigation System,To identify traffic anomalies classify DDoS attacks and improve network availability.,Research paper,Networking Python,Jaspreet Singh(E7231)
REM Sleep Patterns Memory and Emotional Resilience in Young Adults,REM Sleep Patterns Memory and Emotional Resilience in Young Adults,Research paper,Python DB C++,Gurpreet Kaur(E12272)
Sales Forecasting Using Machine Learning Technique,To improve demand planning and inventory management through accurate forecasting.,Research paper,Python ML Regression Data Analysis,Jaspreet Singh(E7231)
Phishing Website Detection Using Python,Detect phishing URLs Analyze suspicious patterns Improve user awareness Reduce online fraud risks,Product,Python Data Analysis Basic ML Networking Basics Logic Building,Manpreet Kaur(E12698)
Sentiment Analysis of Social Media for Mental Health Awareness,Analyze sentiment from text data Identify mental health indicators Apply NLP techniques Generate meaningful insights,Research paper,Python NLP Machine Learning Data Mining Text Processing,Manpreet Kaur(E12698)
Smart Waste Management System Using IoT,Monitor waste levels automatically Reduce overflow of garbage bins Optimize waste collection process Promote smart city solutions,Product,IoT Basics Sensors Embedded Systems Python Networking,Manpreet Kaur(E12698)
Personal Expense Tracker Using C++,Track personal expenses Improve financial awareness Practice OOP concepts Implement file handling,Product,C++ File Handling OOP Basics Logic Building Data Structures,Manpreet Kaur(E12698)
CodeDiff: An Intuitive Web Platform for Efficient Code Comparison & Versioning,Develop a user-friendly web interface for code comparison with real-time diff visualization syntax highlighting and multi-language support. Integrate version control features for tracking changes and collaboration. Ensure responsive design for accessibility across devices. Promote understanding of code differences enhance debugging efficiency and foster collaborative coding by providing an intuitive platform suitable for developers students and educators.,Product,HTML CSS JavaScript Basic Git Familiarity with Code Editors,Mohit Singh Bisht(E16333)
LearnCode Hub: An Interactive Platform for Coding Tutorials and Quizzes,Create an engaging user-friendly website with interactive tutorials embedded code editors and quizzes. Enable learners to practice coding in real-time receive immediate feedback and track their progress. Incorporate multimedia content to cater to different learning styles and implement gamification elements to motivate users. The goal is to enhance coding literacy boost confidence and provide an accessible platform for self-paced learning.,Product,HTML CSS JavaScript Basic Programming UI/UX Design,Mohit Singh Bisht(E16333)
SnippetShare: A Collaborative Platform for Sharing and Managing Code Snippets,Develop an intuitive collaborative web platform allowing users to share and manage code snippets. Implement user authentication real-time editing commenting and categorization. Enable efficient searching and filtering by tags or keywords. Focus on responsive design security and scalability. The goal is to foster a community where developers can learn from each other improve coding skills and contribute to a shared knowledge base seamlessly.,Product,Full Stack Development HTML CSS JavaScript Backend APIs Database Management,Mohit Singh Bisht(E16333)
Online Multi-language Compiler: An Interactive Web-Based Coding Platform,Create a responsive multi-language online compiler that enables users to write and run code securely. Implement language-specific editors with syntax highlighting code execution via backend APIs and output display areas. Ensure cross-browser compatibility and user-friendly interface. Include features like code saving history and error messages. Aim to facilitate learning testing and quick code execution in a unified web platform.,Product,Full Stack Development Web Technologies JavaScript Backend Integration Data Handling,Mohit Singh Bisht(E16333)
CodeAnalyzer: Static Code Analysis and Feedback Tool,Develop an intuitive platform that accepts code input performs static analysis and delivers actionable feedback. Incorporate syntax highlighting error detection and suggestions for improvements. Ensure secure code handling and support multiple programming languages. Provide a user-friendly interface with clear visual cues and detailed reports. The goal is to enhance code quality promote best practices and serve as an educational aid for learners and professionals.,Product,Full Stack Development Static Code Analysis JavaScript Backend APIs Data Validation,Mohit Singh Bisht(E16333)
Programming Language Quiz Master: An Interactive Coding Language Knowledge Game,Develop a dynamic quiz application that presents language-related questions evaluates answers and displays scores. Implement timers score counters and feedback messages to motivate users. Ensure a responsive interface adaptable to different devices. Include features for question randomization and progress tracking. The goal is to promote learning through gamification making programming language knowledge accessible and enjoyable.,Product,Web Development JavaScript UI Design Data Structures & Algorithms Interactive Content,Mohit Singh Bisht(E16333)
TechConnect: A Collaborative Platform for Students to Share Learn and Code Together,Create an interactive community platform facilitating student collaboration on coding tasks. Include features such as project creation shared code editors discussion forums and leaderboards for challenges. Ensure a responsive user-friendly interface with secure authentication. Integrate code sharing with syntax highlighting and real-time updates. The goal is to promote practical learning teamwork and networking among aspiring developers.,Product,Web Development Collaboration Tools Frontend & Backend User Management Version Control Integrati,Mohit Singh Bisht(E16333)
Stress detection from social media posts using machine learning,Gathering the data cleaning the data Model building and Inference,Research paper,Machine learning and python,Navjot Kaur(E17204)
Anomaly detection system in IoT,Gathering the data cleaning the data Model building and Inference,Research paper,Machine learning and python,Navjot Kaur(E17204)
Online Complaint and Grievance Redressal System using MERN Stack,The main objective of this project is to design a digital grievance management platform that simplifies complaint registration and resolution. It aims to reduce paperwork enhance transparency ensure timely responses and maintain proper records of grievances. The system also enables administrators to analyze complaint trends and improve institutional decision-making processes.,Product,HTML CSS JavaScript React.js Node.js,Aniket Malik(E19687)
College Event Management Portal using MERN Stack,The objective of this project is to build a centralized web-based platform for managing college events efficiently. It aims to automate event creation registration and participant tracking reduce paperwork and improve communication between organizers and students. The system also provides structured event data for future analysis and reporting.,Product,HTML CSS JavaScript React.js Node.js,Aniket Malik(E19687)
Student Performance Tracking Android Application,Record student marks and attendance Analyze academic performance trends Visualize progress using charts Help teachers identify weak areas Support continuous student evaluation,Product,Java/Kotlin Android Studio SQLite/Firebase UI Design Basic Data Analysis,Jasmeet Kaur(E17596)
Smart IoT-Based Energy Monitoring and Optimization System,To monitor real-time energy usage analyze consumption patterns reduce wastage and promote energy-efficient practices through data-driven insights and alerts.,Competition,Embedded C IoT Protocols Sensors & Actuators Arduino/ESP32 Basic Networking,Jaspreet Singh (E1320)
Smart Air Quality Monitoring and Alert System,The objective is to design an intelligent system that continuously monitors air pollution levels and provides timely alerts to users and authorities. The project aims to promote awareness of air quality support preventive measures and encourage data-driven environmental protection using affordable and scalable hardware solutions.,Product,Embedded Systems IoT Sensor Interfacing Data Communication Cloud Basics,Puja Shrivastava(E17060)
Smart Forest Fire Detection System,The objective is to provide early detection of forest fires to reduce large-scale damage to forests and wildlife. The project aims to support forest protection by enabling timely alerts minimizing response time and promoting the use of basic embedded systems for environmental safety.,Product,Microcontrollers Sensor Interfacing Embedded C Circuit Design Troubleshooting,Puja Shrivastava(E17060)
GIS-Based Forest Cover Change Detection System,The objective is to develop a software tool that monitors forest cover changes and identifies deforestation trends. The project aims to support environmental planning protect biodiversity and assist policymakers by providing accurate data-driven insights for sustainable forest conservation.,Product,Python Data Analytics GIS Basics Image Processing Visualization,Puja Shrivastava(E17060)
Futuristic Cloud Data Centers: Intelligent Resource Optimization for Next-Generation Computing,Design an AI-assisted resource optimization framework for heterogeneous cloud data centers. Model and simulate workload-aware scheduling that improves utilization and QoS. Analyze energy and carbon impacts of optimization policies. Map the framework's contributions to relevant SDGs and propose guidelines for sustainable cloud operations.,Research paper,Cloud computing fundamentals (IaaS PaaS SaaS) Basics of virtualization and containers Introducto,Vaneet Kumar(E11321)
AI-Enabled Smart Waste Segregation System,To automate waste segregation reduce human intervention and enhance recycling efficiency using AI-driven decision-making.,Competition,Python Image Processing Embedded Systems Sensors Machine Learning Basics,Jaspreet Singh (E1320)
Health Monitoring Device for Early Detection of Cardiac Anomalies,To design an affordable wearable solution for continuous cardiac monitoring that improves early diagnosis reduces hospital dependency and supports remote healthcare services.,Product,Biomedical Sensors Signal Processing IoT Microcontrollers,Jaspreet Singh (E1320)
Smart Irrigation System Using IoT for Efficient Water Management,To automate irrigation using soil moisture sensing To reduce water wastage To monitor irrigation remotely using IoT,Product,Embedded Systems IoT Arduino Sensors Basic Networking,Amandeep Kaur(E11813)
Intelligent Traffic Signal Control System Using Real-Time Sensor Data,To design an adaptive traffic control system that enhances road efficiency reduces waiting time and minimizes vehicular emissions.,Research paper,Embedded Systems Sensors Control Systems IoT Networking,Jaspreet Singh (E1320)
Quantum-Aware Cloud Data Centers: A New Paradigm for Resource Optimization,Develop hybrid scheduling algorithms for quantum-classical resource optimization. Simulate quantum-aware workload placement and error mitigation strategies. Evaluate energy efficiency and scalability for real-world quantum cloud apps. Propose sustainable integration guidelines for next-gen data centers.,Research paper,Cloud computing fundamentals (IaaS PaaS SaaS) Basics of virtualization and containers Introducto,Vaneet Kumar(E11321)
Cloud-Based Disaster Management and Emergency Response Platform,To enhance disaster preparedness and response efficiency using scalable cloud infrastructure and real-time data analytics.,Hackathon,Cloud Computing Web Development,Jaspreet Singh (E1320)
IoT Based Smart Energy Meter for Real-Time Power Monitoring,To monitor real-time energy consumption To enable remote power monitoring To reduce electricity wastage,Patent,IoT Embedded Systems Sensors Arduino Cloud Basics,Amandeep Kaur(E11813)
Smart Dustbin System for Efficient Waste Management Using IoT,To monitor garbage levels automatically To improve waste collection efficiency To reduce overflow and pollution To support smart city initiatives To maintain cleanliness,Product,Arduino IoT Sensors Embedded Systems Basic Programming,Amandeep Kaur(E11813)
Cloud-Managed Smart Energy Meter for Real-Time Power Analytics,To enable real-time energy monitoring and promote efficient electricity usage through cloud analytics.,Product,IoT Cloud Platforms Data Analytics Networking,Jaspreet Singh (E1320)
AI-Based Resume Screening System Using Machine Learning,To automate resume screening To reduce recruitment time To improve candidate shortlisting accuracy To minimize human bias To support data-driven hiring,Patent,Python Machine Learning NLP Data Analysis SQL,Amandeep Kaur(E11813)
Disease Prediction System Using ML Algorithms,To predict diseases based on symptoms and medical parameters To compare ML models for healthcare prediction accuracy To assist early diagnosis using data-driven techniques To analyze the importance of clinical features,Research paper,Python Machine Learning fundamentals Data handling (Pandas NumPy) Visualization (Matplotlib) Ba,Rajni Devi(E15439)
Automated Smart Waste Segregation System Using Sensors,To automate waste segregation To reduce human involvement in waste handling To improve recycling efficiency To support sustainable waste management,Research paper,Embedded systems programming Sensor interfacing (moisture inductive) Motor and actuator control,Rajni Devi(E15439)
Smart Home Automation System Using IoT,To automate household appliances To enable remote monitoring and control To improve energy efficiency To enhance user comfort and safety,Research paper,Embedded C / Arduino programming Relay and load control IoT platforms and mobile apps Basic elect,Rajni Devi(E15439)
Quantum-Inspired Optimization Algorithms for Efficient Cloud Resource Management,Implement quantum-inspired metaheuristics for multi-objective cloud optimization. Simulate workload distribution and resource provisioning on cloud platforms. Compare performance against classical methods in utilization latency and energy.,Research paper,Python Machine learning,Vaneet Kumar(E11321)
IoT-Enabled Audio-Based Attendance System Using Speaker Recognition,To capture voice samples using a microphone To identify individuals using speaker recognition To automatically mark attendance in a cloud database To provide real-time monitoring via a web/mobile interface,Product,Python IoT,Vaneet Kumar(E11321)
Climate Change Impact Assessment on Agricultural Productivity Using Machine Learning Techniques,To analyze historical climate data and agricultural yield patterns To study the impact of temperature rainfall and humidity on crop productivity To develop machine learning models for crop yield prediction under climate variability To identify key climatic factors influencing agricultural output To support climate-resilient agricultural planning,Research paper,Python programming Machine Learning fundamentals Data preprocessing and analysis Statistics and r,Rajni Devi(E15439)
Smart Automatic Street Light System,To reduce energy consumption by automatically controlling street lights based on ambient light and motion detection. To eliminate manual operation of street lights ensuring efficient and reliable functioning. To improve public safety by providing adequate lighting only when vehicles or pedestrians are present. To increase the lifespan of street lights by minimizing unnecessary ON time. To support smart city development through intelligent and automated infrastructure. To reduce operational,Product,sensors,Parul Datta(E17144)
IoT-Based Smart bin,To monitor garbage levels in real time using sensors and IoT technology. To prevent overflow of dustbins by sending timely alerts for waste collection. To improve waste collection efficiency by optimizing collection schedules and routes. To reduce manual monitoring of dustbins saving time and labor. To promote cleanliness and hygiene in public places. To support smart city and digital infrastructure initiatives. To enable data-driven waste management through cloud-based monitoring.,Product,iot,Parul Datta(E17144)
Automatic Plant Watering System,To automate the irrigation process based on real-time soil moisture levels. To conserve water by preventing overwatering and unnecessary water usage. To reduce manual effort required for plant watering. To ensure healthy plant growth by maintaining optimal soil moisture. To improve irrigation efficiency using sensor-based control.,Product,sensors,Parul Datta(E17144)
RFID-Based Attendance Marking System,To automate the attendance process using RFID technology. To reduce manual effort and paperwork involved in attendance management. To improve accuracy and reliability of attendance records. To prevent proxy attendance and unauthorized access. To save time during attendance collection.,Product,sensors,Parul Datta(E17144)
Temperature and Humidity Monitoring System,To measure temperature and humidity accurately using environmental sensors. To monitor environmental conditions in real time. To display measured values clearly for easy observation. To generate alerts when temperature or humidity exceeds set limits. To reduce manual monitoring of environmental conditions.,Product,sensors,Parul Datta(E17144)
Online puzzle Quiz Application,To provide an automated platform for conducting quizzes online. To eliminate manual evaluation and reduce human errors. To save time and resources involved in traditional quiz methods. To enable instant result generation and feedback. To support remote assessments and online learning.,Research paper,python,Parul Datta(E17144)
Expense Tracker Application,To provide a simple and efficient platform for tracking daily expenses. To help users manage personal finances effectively. To categorize expenses for better analysis and understanding. To generate expense summaries and reports automatically. To support budgeting and financial planning.,Research paper,python,Parul Datta(E17144)
Multimodel attention transformer for IIOT intrusion detection,objective to ensure real world feasibility by optimizing the model with less inference time and enabling efficient deployement,Research paper,python,Ankita Dhiman(E11431)
Smart Attendance System Using Face Recognition,To automate classroom attendance. To reduce proxy attendance. To understand basic image processing concepts.,Research paper,OpenCV and Python,Amit Kumar(E13989)
IoT-Based Smart Irrigation System,To optimize water usage in agriculture. To learn sensor-based automation. To understand IoT communication.,Research paper,Python and R programming,Amit Kumar(E13989)
Online Examination System with Automatic Evaluation,To develop a web-based examination platform. To automate result generation. To learn basic web technologies.,Research paper,HTML CSS JavaScript and PHP.,Amit Kumar(E13989)
Early Detection of Alzheimer's Disease Using Multi-Modal Deep Learning with Explainable AI,To analyze MRI and clinical data for Alzheimer's diagnosis To design a multi-modal deep learning model for early detection To improve diagnostic accuracy compared to single-modal approaches To apply Explainable AI techniques for transparent decision making To support clinicians with interpretable AI-based predictions,Research paper,Python Machine Learning Deep Learning Medical Imaging Data Analysis,Narinder Kaur(E12264)
Weather Forecasting Using Machine Learning,To analyze historical weather data. To apply basic machine learning algorithms. To predict temperature or rainfall.,Research paper,DL and ML,Amit Kumar(E13989)
Chatbot for College Enquiry System,To automate student enquiry handling. To understand Natural Language Processing basics. To improve user interaction.,Research paper,Python,Amit Kumar(E13989)
Road Accident Analysis Using Data Analytics,To analyze accident data. To identify accident-prone areas. To visualize statistical trends.,Research paper,Python,Amit Kumar(E13989)
Password Strength Checker Using Python,To evaluate password security. To understand cybersecurity basics. To promote safe password practices.,Research paper,Python,Amit Kumar(E13989)
"Implementation of Anomaly-Based Intrusion Detection System Using Machine Learning",This project aims to design an anomaly-based Intrusion Detection System using machine learning techniques to detect suspicious network activities. The system learns normal network behavior from traffic data and identifies deviations as potential intrusions. Algorithms such as Isolation Forest SVM or Random Forest are applied to improve detection accuracy and reduce false positives enhancing network security.,Research paper,Python Machine Learning Networking Basics Cyber Security Data Preprocessing,Narinder Kaur(E12264)
Student Performance Prediction System using python,To predict student academic performance. To apply basic data mining techniques. To support early intervention.,Research paper,Python,Amit Kumar(E13989)
Smart Waste Management System Using IoT and python,To monitor waste levels in bins. To improve waste collection efficiency. To learn IoT sensor integration.,Research paper,Python,Amit Kumar(E13989)
Weather Prediction Using Machine Learning Techniques,To study basic weather parameters and datasets To collect and preprocess historical weather data To implement machine learning models for prediction To compare model performance using accuracy metrics To develop a simple weather prediction system,Product,Python Machine Learning Basics Data Analysis Statistics Visualization,Narinder Kaur(E12264)
Early Detection of Wheat Diseases,Development of Al/ML-based image recognition tools integrated with drone/satellite data and mobile apps to provide real-time detection mapping and alerts to farmers.,Patent,Machine learning and python,Navjot Kaur(E17204)
Recovery and reuse of Fresh water resources,This problem statement proposes the design of a Smart Process System design for separation and cleaning at primary (solid removal) secondary (organic removal) and tertiary (nutrient and advanced contaminant removal) treatment stages with the level of treatment determined by the intended reuse.,Patent,Machine learning and python,Navjot Kaur(E17204)
Water Quality Prediction,"1. To design and implement a predictive model that accurately estimates water quality or potability using measured water parameters. 2. To build a prototype software or web application that allows users to input water quality readings and receive an automatic prediction of water safety.",Research paper,Machine learning and python,Navjot Kaur(E17204)
Automatic Street Light System,The objective of the Smart Automatic Street Light System is to design and implement an energy-efficient lighting solution that automatically controls street lights based on ambient light intensity. The system aims to reduce power consumption by switching lights ON only during darkness and OFF during daylight. It eliminates manual operation minimizes human error supports sustainable energy usage and provides a cost-effective and reliable solution suitable for smart city and public lighting app,Product,Arduino Basics,Neha (E10457)
Smart Attendance System Using Face Recognition with Bias Analysis,Build a face-recognition-based attendance system and analyze bias across lighting conditions pose and gender.,Research paper,ML,Kiranjeet Kaur Sandhu(E12258)
Fake News Detection Using Classical ML and NLP Techniques,Detect fake news using TF-IDF + ML models and analyze which features matter most.,Research paper,Naive Bayes SVM Random Forest,Kiranjeet Kaur Sandhu(E12258)
Smart Traffic Density Prediction Using Image Processing,Estimate traffic density using background subtraction and object counting,Research paper,Open CV,Kiranjeet Kaur Sandhu(E12258)
IoT-based smart medicine reminder box,"1.To generate multi-mode reminders (light sound and/or text notifications) at scheduled times so that patients are alerted whenever a dose is due. 2. To detect and log each box opening (or pill retrieval) as a proxy for dose intake and store this data on a backend or cloud database for later analysis.",Patent,Basic C programming for Arduino Circuit design and sensor interfacing,Navjot Kaur(E17204)
Phishing Website Detection Using Machine Learning,Detect phishing websites by analyzing URL-based and domain features using classical ML models.,Research paper,Logistic Regression Random Forest SVM,Kiranjeet Kaur Sandhu(E12258)
Smart Energy Consumption Prediction Using Machine Learning,Predict household energy consumption using historical usage data.,Research paper,Linear Regression Random Forest,Kiranjeet Kaur Sandhu(E12258)
Password Manager Application,Securely store user credentials Implement encryption techniques Generate strong passwords Build a user-friendly interface Improve password security awareness,Product,C++/Qt or Python Encryption basics File handling UI design,Neha (E10457)
Online Discussion Forum Website,Enable user-generated content Implement CRUD operations Design a responsive UI Manage posts efficiently Encourage online discussions,Product,Node.js Express MongoDB HTML CSS JavaScript,Neha (E10457)
Smart Online Voting System,Provide secure online voting Authenticate voters effectively Prevent multiple voting attempts Display election results transparently Reduce manual voting effort,Product,HTML CSS JavaScript Node.js Express MongoDB,Neha (E10457)
Real-Time Chat Application,Enable real-time communication Implement user authentication Store chat history securely Show online/offline status Improve user interaction,Product,HTML CSS JavaScript Node.js Socket.IO MongoDB,Neha (E10457)
Online Learning Management System (LMS),Manage courses and users Enable student enrollment Track learning progress Provide role-based access Improve digital learning experience,Product,HTML CSS JavaScript Node.js Express Database basics,Neha (E10457)
Job Portal Web Application,Simplify job search process Enable job postings and applications Manage user profiles Improve recruitment efficiency Organize job listings effectively,Product,HTML CSS JavaScript Node.js Express MongoDB,Neha (E10457)
Event Management and Booking System,Display upcoming events Enable online ticket booking Manage event details Generate booking confirmations Reduce manual event handling,Product,HTML CSS JavaScript Node.js Express Payment Gateway basics,Neha (E10457)
Blockchain-Enabled IoT Data Integrity System,To ensure secure and tamper-proof IoT sensor data storage,Research paper,smart contracts IoT gateways,Kiranjeet Kaur Sandhu(E12258)
Personal Finance Tracker,Track income and expenses Categorize financial data Visualize spending trends Improve financial planning Maintain secure user data,Product,HTML CSS JavaScript Node.js MongoDB Chart libraries,Neha (E10457)
Attendance Management System using PHP,Automate attendance process Generate attendance reports Reduce errors and paperwork Improve data accuracy,Product,php html css mysql javascript,Ankita Dhiman(E11431)
Machine Learning-Based Student Performance Prediction System,To predict student academic performance using ML techniques.,Research paper,Python ML Algorithms Data Visualization Statistics,Gurmeet Kaur(E6709)
Smart Traffic Signal Control Using IoT & Machine Learning,To optimize traffic signal timing based on real-time vehicle density,Research paper,sensors Python ML,Kiranjeet Kaur Sandhu(E12258)
Fake News Detection Using Natural Language Processing and Machine Learning,To automatically identify fake news articles using ML and NLP techniques.,Research paper,Python NLP Machine Learning Text Preprocessing,Gurmeet Kaur(E6709)
Credit Risk Assessment Using Machine Learning Models,To evaluate creditworthiness of loan applicants using ML.,Research paper,Python Machine Learning Data Analysis Statistics,Gurmeet Kaur(E6709)
Edge-AI Based Smart Surveillance System,To perform real-time object detection at the edge with reduced latency,Research paper,Raspberry Pi Python,Kiranjeet Kaur Sandhu(E12258)
Machine Learning-Based Crop Yield Prediction System,To predict crop yield using historical agricultural and environmental data.,Research paper,Python Machine Learning Data Preprocessing Regression Models,Gurmeet Kaur(E6709)
Predictive Maintenance System Using IoT Sensors,To predict equipment failure using vibration and temperature data,Research paper,sensors Python ML,Kiranjeet Kaur Sandhu(E12258)
IoT-Based Cold Storage Monitoring System,To prevent food spoilage by real-time temperature and humidity monitoring,Research paper,Sensors IOT,Kiranjeet Kaur Sandhu(E12258)
Sentiment Analysis of Social Media Data Using Machine Learning,To analyze public sentiment from social media posts.,Research paper,Python NLP Machine Learning Text Analytics,Gurmeet Kaur(E6709)
AI-Enabled Wearable Device for Early Stroke Prediction,To design a wearable hardware system capable of real-time health monitoring and stroke risk prediction using deep learning. To reduce diagnosis delay through continuous data analysis and edge intelligence. To develop a patentable healthcare product that improves patient outcomes and enables preventive care.,Patent,Python Embedded Systems Deep Learning Signal Processing IoT,Gitanjali(E16525)
AI-Based Smart Helmet for Accident Detection and Rider Safety,To design an intelligent helmet that detects accidents instantly using AI-based sensor fusion. To minimize emergency response time through automated alert systems. To create a commercially viable and patentable smart safety product for two-wheeler riders.,Patent,Python Deep Learning Embedded C Sensor Integration IoT,Gitanjali(E16525)
Intelligent Smart Bin for Automated Waste Segregation,To automate waste segregation using deep learning and embedded vision. To reduce human involvement and improve recycling efficiency. To design a scalable and patentable hardware solution supporting sustainable waste management systems.,Patent,Python Computer Vision Deep Learning Embedded Systems IoT,Gitanjali(E16525)
AI-Powered Smart Irrigation Controller Using Edge Intelligence,To develop an AI-driven irrigation system that improves water efficiency. To integrate real-time sensor data with predictive models. To create a patent-worthy smart agriculture solution for sustainable farming.,Patent,Python Machine Learning Embedded Systems IoT Data Analytics,Gitanjali(E16525)
Multi-Agent IoT Framework with Deep Learning for Predictive Diagnostics and Monitoring,To design an intelligent multi-agent healthcare framework that enables autonomous pre-consultation assessment predictive diagnostics and continuous patient monitoring. The system aims to integrate IoT-based real-time physiological data with transfer learning–enhanced deep learning models to improve diagnostic accuracy enable early anomaly detection reduce physician workload and deliver scalable personalized and preventive healthcare solutions in resource-constrained environments.,Patent,Python Deep Learning IoT Basics Healthcare Data Analysis Multi-Agent Systems,Gitanjali(E16525)
Student Performance Prediction Using Deep Learning Models,To predict student outcomes using deep learning. To support academic decision-making through predictive analytics. To publish findings in reputed education-focused research journals.,Research paper,Python Machine Learning Deep Learning Statistics Data Analysis,Gitanjali(E16525)
Disease Prediction Using Ensemble Machine Learning Models,To improve disease prediction accuracy. To analyze ensemble learning effectiveness. To contribute to healthcare analytics research literature.,Research paper,Machine Learning Python Data Analytics Statistics Healthcare Data,Gitanjali(E16525)
Credit Card Fraud Detection Using Deep Learning,To enhance fraud detection accuracy. To analyze deep learning models in finance. To publish research findings in fintech journals.,Research paper,Python Deep Learning Data Mining Statistics Financial Analytics,Gitanjali(E16525)
Sentiment Analysis of Social Media Using Deep Learning,To analyze sentiment trends using deep learning. To improve NLP model accuracy. To publish research outcomes in data science forums.,Research paper,Python NLP Deep Learning Text Mining Data Analysis,Gitanjali(E16525)
Mental Health Prediction Using Deep Learning,To identify mental health risks early. To apply deep learning in healthcare analytics. To publish research findings in medical AI journals.,Research paper,Deep Learning Python Data Analytics Healthcare AI Statistics,Gitanjali(E16525)
Medical supply chain transparency,"To design a blockchain-based model that records each transfer of drugs and vaccines from manufacturer to patient.? 2. To implement a prototype smart contract system for registering batches transferring ownership and verifying product authenticity using unique identifiers (e.g. QR/serial codes).? 3. To reduce the risk of counterfeit and substandard medicines by enabling stakeholders (distributors hospitals pharmacies patients) to verify origin and full history on an immutable ledger.",Research paper,"1. Basic programming fundamentals in at least one language C/C++/Java/Python and blockchain basics.",Navjot Kaur(E17204)
"AgriChain Green: Blockchain-Enabled Traceability of Soil & Farming for Sustainable Agriculture","1. To design a blockchain-based model that records soil and farm management data for each field creating a tamper-proof history of soil health and agricultural practices. 2. To implement a prototype smart contract system that associates plots with sustainability indicators and can issue simple rewards or certifications when predefined thresholds are satisfied.",Research paper,"1. at least one language (C/C++/Java/Python) 2. Blockchain fundamentals.",Navjot Kaur(E17204)
EventNest : An Interest-Based College Event Recommendation System,To solve the problem of scattered college event information To provide personalized event recommendations to students To use Python and basic AI concepts in a real-world application To increase student participation in college activities To design a system that can be scaled in the future using advanced AI techniques,Product,"frontend: vanilla backend: flask database : sqlite NLTK / simple keyword matching  Python",Ankita Dhiman(E11431)
AI-Based Drug Repurposing for Depression Treatment,To design a predictive ML framework that identifies potential antidepressant drugs from existing databases. The objective is to support faster drug discovery reduce trial failures and enhance therapeutic strategies for depression.,Research paper,Python Machine Learning Bioinformatics Data Analysis Statistics,Gagandeep Kaur(E19500)
Machine Learning–Based Early Detection of Depression,To build an early-warning system that assists healthcare professionals in timely diagnosis and prevention of depression.,Patent,Python ML Algorithms Data Preprocessing Statistics Visualization,Gagandeep Kaur(E19500)
AI-Based Mental Health Awareness Platform,To increase mental health literacy and encourage early self-help actions.,Hackathon,Python Web Development ML Basics UI/UX Design APIs,Gagandeep Kaur(E19500)
ML-Based Identification of Mental Health Risk Factors,To identify and rank key mental health risk factors for preventive healthcare planning.,Research paper,Python Data Analysis Machine Learning Survey Design Statistics,Gagandeep Kaur(E19500)
Public Health Surveillance System for Depression,To support policymakers with data-driven insights for mental health interventions.,Research paper,Python Data Analytics Machine Learning Field Survey Methods GIS Basics,Gagandeep Kaur(E19500)
Machine Learning Based Early Detection of Eye Glaucoma Using Retinal Images,To study glaucoma and its visual indicators in retinal images To preprocess and enhance retinal fundus images To extract meaningful features related to glaucoma To train and evaluate machine learning models for classification To build an efficient system for early glaucoma detection,Product,Python Machine Learning basics Image Processing NumPy & OpenCV Data Analysis,Narinder Kaur(E12264)
Smart IoT-Based Energy Monitoring System,To reduce energy wastage by providing real-time consumption data and analytics to users for informed decision-making.,Product,Arduino Sensors IoT Protocols Embedded C,Shikha Atwal(E11186)
Smart Dustbin,To promote cleanliness by ensuring timely trash collection and reducing overflow using a smart monitoring system.,Product,Arduino Sensors IoT basics Basic coding Circuit Design,Shikha Atwal(E11186)
Smart Agriculture Irrigation System,To design an irrigation system that optimizes water usage based on environmental data reducing wastage and improving productivity.,Product,IoT basics Arduino Sensors C Programming Data Analysis,Shikha Atwal(E11186)
Intelligent Traffic Signal Control System,To optimize traffic flow and reduce congestion and waiting time at intersections.,Product,Embedded C Sensors Microcontrollers Signal Logic Electronics,Shikha Atwal(E11186)
Intelligent Question Paper Blueprint Generator,To assist faculty in creating standardized outcome-aligned assessments efficiently.,Product,Python Rule-Based Logic OBE Concepts Basic UI Design,Shikha Atwal(E11186)
Predictive Student Performance Early-Warning System,To improve student success rates by enabling timely academic support.,Product,Python Machine Learning Data Preprocessing Statistics,Shikha Atwal(E11186)
AI-Based Academic Timetable Conflict Detection System,To minimize scheduling conflicts improve resource utilization and reduce manual planning effort in academic institutions.,Product,Python Constraint Logic Data Structures Basic AI Concepts,Shikha Atwal(E11186)
Smart Irrigation and Crop Advisory System,Design low-cost sensor network for field conditions. Implement automated irrigation control logic with thresholds. Build farmer dashboard (local language support) for insights. Analyze water savings and yield improvement over baseline.,Product,IoT Data Analytics Agriculture Technology,Sandeep Singh(E14163)
Energy-Efficient Smart Classroom Management,Deploy sensor network for occupancy and ambient conditions. Implement control logic and actuator interface for devices. Store and analyze energy-usage data with visual dashboards. Quantify potential cost and carbon-emission savings.,Product,IoT Platforms Microcontrollers Basic Electrical Concepts Database Web Dashboards,Sandeep Singh(E14163)
Cloud-Ready Inventory & Invoice Management System,"Implement core modules: product catalog stock update sales invoice. Maintain transactional records and low-stock alerts. Containerize the app (Docker) and deploy on a free-tier cloud. ? Expose simple REST APIs for future integration with POS/mobile apps.",Hackathon,Any Backend Framework HTML/CSS/JS SQL/NoSQL Basics Docker/Cloud Basics REST APIs,Sandeep Singh(E14163)
Smart Queue Management for Service Counters,Implement token generation and live queue view. Estimate wait times using simple analytics on past data. Provide display screen and user app / web view. Present cost–benefit analysis for adopters.,Hackathon,Web/Mobile Dev Basic Analytics APIs Realtime DB/Socket UX,Sandeep Singh(E14163)
AI Helpdesk Bot for University Freshers,Prepare FAQ knowledge base from existing IT policies. Implement intent detection and FAQ retrieval. Integrate simple ticket form and status tracking. Showcase reduction in support load via sample scenarios.,Hackathon,Python/Node NLP/FAQ APIs Webhooks DB Chat UI,Sandeep Singh(E14163)
AI-Based Bone Mineral Density (BMD) Estimation from X-ray Images,AI-Based Bone Mineral Density (BMD) Estimation from X-ray Images uses deep learning models to automatically predict BMD values directly from bone X-ray images.,Research paper,Python,Deepika (E2851)
AI-Based Bone Fracture Detection from X-ray Images Using Deep Learning,To develop an AI-based deep learning system that accurately detects bone fractures from X-ray images to assist faster and more reliable medical diagnosis.,Research paper,Python,Deepika (E2851)
Multimodal AI System for Breast Cancer Risk Prediction,To develop a multimodal AI system that integrates mammogram images and clinical data to accurately predict breast cancer risk and support early clinical decision-making.,Research paper,Python,Deepika (E2851)
Virtual Classroom System,To create a platform that facilitates seamless remote learning ensuring accessibility to quality education regardless of location.,Product,JavaScript Python HTML/CSS Databases APIs,Shikha Atwal(E11186)
Explainable AI Model for PCOD Diagnosis,To develop an explainable AI model that accurately diagnoses PCOD using clinical and lifestyle data providing interpretable insights to assist doctors in decision-making.,Research paper,Python,Deepika (E2851)
Machine Learning Techniques for Perception and Planning in Autonomous Vehicles,To develop robust perception models using machine learning techniques for accurate object detection localization and tracking in autonomous driving environments and to evaluate system performance in terms of perception accuracy planning efficiency safety and real-time computational feasibility.,Research paper,Machine learning with understanding of research papers,Anupriya (E10436)
Machine Learning Techniques for Smart Traffic and Transportation Systems,To design adaptive traffic signal control mechanisms using reinforcement learning and optimization-based ML approaches.,Research paper,Machine learning with understanding of research papers,Anupriya (E10436)
Portfolio Website,This project helps you learn how websites are structured. You create your own online space to display skills education and projects. It teaches layout design styling and simple interactions. It also builds a base for future frontend work.,Product,HTML CSS Java Script,Neha Kapur(E13446)
Basic Chat Program,"Set up a server program that listens for incoming connections. Build a client program that connects to the server and sends text messages. Exchange messages by sending short strings through sockets. Display incoming messages instantly so the chat feels responsive. Add a small UI if you want to move beyond the console. Test the setup by running the server and client on the same system or on two devices.",Product,Python Socket programming Simple console or Tkinter UI,Neha Kapur(E13446)
Web-based Application for Automatic Timetable Generation,The difficulty of making timetables for classrooms is a scheduling algorithm with tremendous curiosity and association in the fields of artificial intelligence and operational research. This problem is being dealt in many organizations manually i.e. timetables are set using a trial and error procedure. The process of preparing a timetable involves beneficial employment of resources which needs to be confronted each year by every educational institute,Product,AI,Neha Kapur(E13446)
DIY Examination Grading System,"It has been observed that the computation compilation and most importantly grading of student's results with the use of manual and some general purpose software (off shell packages) is time consuming creates fatigue and prone to errors. These have also been factors contributing to students' failure and delay is sometimes inevitable. This project sought to encourage the use of customized computer packages and software applications which will improve accuracy in students' results grading and aca",Product,PYTHON C C++,Neha Kapur(E13446)
Image Steganography – Hiding Information in Images,"Steganography is the art of hiding the fact that communication is taking place by hiding information in other information. This project is developed for hiding information in any image file. The scope of the project is implementation of steganography tools for hiding information includes any type of information file and image files and the path where the user wants to save Image and extruded file. .",Research paper,Python or Java SQLite or CSV Simple UI (Tkinter optional),Neha Kapur(E13446)
Facial Expression Recognition System,"his is called the ""Simulative Emotional Expression System"" and many companies making robots are trying to do the same thing. It's important because it blurs the line between humans and machines especially for robots that are supposed to be companions for people. However SEER's technology can cost a lot of money. I want to create a basic low-cost and open-source version of this technology so that new engineers in robotics can use it and make their own systems. This is a big project so I'l",Product,PYTHON C,Neha Kapur(E13446)
Machine Learning-based Multiple Disease Prediction,"Due to the increasing global diabetes prevalence Diabetic Retinopathy (DR) detection is still an outstanding medical challenge. Manual inspec-tion methods in traditional environments are time consuming accompa-nied with human error and inconsistent. Important but yet unsolved gaps such as class imbalance handling redundant feature extraction overfitting due to high dimensionality and lacking the combination of global and local retinal patterns in previous machine learning and deep learning",Research paper,PYTHON,Neha Kapur(E13446)
DIABETIC RETINOPATHY,"Due to the increasing global diabetes prevalence Diabetic Retinopathy (DR) detection is still an outstanding medical challenge. Manual inspec-tion methods in traditional environments are time consuming accompa-nied with human error and inconsistent. Important but yet unsolved gaps such as class imbalance handling redundant feature extraction overfitting due to high dimensionality and lacking the combination of global and local retinal patterns in previous machine learning and deep learning",Research paper,PYTHON,Neha Kapur(E13446)
Performance Evaluation for Classifying Type 2 Diabetic Retinopathy using Deep Neural Network,EARLY DETECTION OF DR,Research paper,Python or Java SQLite or CSV Simple UI (Tkinter optional),Neha Kapur(E13446)
DIABETIC RETINOPATHY DETECTION AND CATEGORIZING USING A LIGHTWEIGHT DEEP LEARNING APPROAC,"Diabetic retinopathy is an ocular disorder that has the potential to result in visual impairment and complete loss of vision in those diagnosed with diabetes. This illness affects the retinal blood vessels inside the light-sensitive tissue layer at the posterior of the eye known as the retina. This paper presents a complete approach to diagnosing and categorizing diabetic retinopathy using deep learning models. A lightweight Convolutional Neural Network (CNN) is used to detect diabetic retinopa",Research paper,Python or Java SQLite or CSV Simple UI (Tkinter optional),Neha Kapur(E13446)
Automatic Touchless Waste Bin Using Arduino,To design and implement an Arduino-based smart dustbin that automatically opens its lid using an ultrasonic sensor promoting touchless and hygienic waste disposal.,Patent,"Arduino programming basics ultrasonic sensor interfacing servo motor control basic electronics  s",Deepika (E2851)
Automated Attendance Management Using Face Recognition,To eliminate manual attendance improve accuracy reduce time consumption and implement a secure and automated attendance system using face recognition techniques.,Product,Python Machine Learning OpenCV Deep Learning Database Management,Amandeep Kaur(E11813)
Multi-Class Brain Tumor Classification Using MRI Images,To design an accurate tumor classification model that assists doctors in early diagnosis and improves treatment planning.,Product,Python Deep Learning CNN Image Processing Medical Imaging,Amandeep Kaur(E11813)
Automated Irrigation System Using IoT,To optimize water usage in agriculture using smart sensing and automation.,Product,IoT Arduino Sensors Embedded Systems Cloud Platforms,Amandeep Kaur(E11813)
Smart Campus Safety & Emergency Alert System,The objective is to enhance campus safety through fast reliable emergency communication. The system aims to minimize response time improve situational awareness and provide real-time location tracking to authorities during emergencies.,Product,Arduino,Vaneet Kumar(E11321)
AI-Based Personalized Nutrition Recommendation System for PCOD,To develop an AI-based system that analyzes nutritional and lifestyle data to provide personalized diet recommendations for effective PCOD management.,Research paper,Python,Deepika (E2851)
Automated Detection of Plant Leaf Diseases Using Image Processing Techniques,To perform image preprocessing and segmentation for disease detection,Research paper,Python Image Processing Machine Learning OpenCV Basic Statistics,Shikha Kamal(E12552)
Face Mask Detection System Using Image Processing and Deep Learning,To design an automated system for detecting face mask usage from images To apply image preprocessing and face detection techniques,Research paper,Python Digital Image Processing OpenCV Machine Learning Basic Statistics,Shikha Kamal(E12552)
Medical Image Analysis for Early Detection of Brain Tumors,To study medical image processing techniques for brain MRI analysis To preprocess and enhance MRI images for better tumor visibility,Research paper,Python Digital Image Processing OpenCV Machine Learning Basic Statistics,Shikha Kamal(E12552)
Secure E-Healthcare Web Portal for Patient Data Management,To develop a secure web-based healthcare portal To implement role-based access control,Product,HTML CSS JavaScript Backend Framework Database Systems,Shikha Kamal(E12552)
AI-Based Job Recommendation System Using Web Application,To design an interactive job recommendation web app,Product,HTML CSS JavaScript Python Basic Machine Learning,Shikha Kamal(E12552)
Smart Air Quality Monitoring System using IoT,To develop a real-time air quality monitoring system that collects transmits and visualizes environmental data using IoT technology to support pollution analysis.,Patent,C programming IoT basics Sensors Embedded systems Networking,Vetrithangam D(E11018)
Smart Irrigation System using IoT and Sensors,To reduce water wastage and improve crop yield by automating irrigation using sensor-driven decision-making.,Patent,Embedded C IoT Sensors Microcontrollers Basic electronics,Vetrithangam D(E11018)
AI based Waste Management System,To improve waste collection efficiency and promote cleaner urban environments using smart monitoring.,Product,IoT Embedded C Networking Sensors Mobile/Web basics,Vetrithangam D(E11018)
Accident Detection and Alert System using Sensors,To reduce emergency response time by automatically detecting accidents and sending alerts.,Patent,Embedded C Sensors IoT GPS/GSM basics Microcontrollers,Vetrithangam D(E11018)
E-Library System with AI Search Engine,"Intelligent Search Personalized Recommendations AI-Powered Summaries Text-to-Speech/Audio Unified Access Research Assistance Admin Modules",Patent,Library System AI,Soumya Ranjan Jena(E19677)
Edge Computing Based Patient Monitoring in Rural Clinics,"Reduced Latency Improved Reliability and Offline Capability Enhanced Data Security and Privacy Optimized Bandwidth Use Increased Accessibility to Specialized Care Faster AI-Powered Diagnostics",Patent,Egde Computing Cloud Computing,Soumya Ranjan Jena(E19677)
Automatic Pesticide Sprayer Drone,"Autonomous Flight Modes Obstacle Avoidance Precision Spraying Safety Enhancements",Product,Drone Technology Applications,Soumya Ranjan Jena(E19677)
AI-Based Earthquake Impact Prediction Model,"Prediction vs. Forecasting Data Souces Model Type Early Waning System Impact Zone Prediction Resource Allocation and Damage Assessment",Research paper,AI Machine Learning and Deep Learning,Soumya Ranjan Jena(E19677)
Low-Cost Energy Efficient Fan Using Arduino,"Low Cost Energy Efficient Automatic Adjustment PWM Control",Product,IoT Arduino Uno/Nano,Soumya Ranjan Jena(E19677)
Smart Energy Meter Using IoT,To promote efficient energy utilization and real-time monitoring,Product,IoT Embedded Systems Sensors Cloud Platforms Python,Anshu Mehta(E13356)
Wearable Health Monitoring System,To enable early health anomaly detection through continuous monitoring.,Product,Sensors Embedded Systems IoT Signal Processing C/C++,Anshu Mehta(E13356)
Smart Agriculture Monitoring System,To improve crop yield and optimize resource usage.,Product,IoT Sensors Embedded Systems Data Analysis Cloud,Anshu Mehta(E13356)
AI-Based Diabetic Retinopathy Detection System,To assist early diagnosis of diabetic retinopathy using AI.,Research paper,Python Deep Learning CNNs Image Processing ML,Anshu Mehta(E13356)
An Intelligent Attendance System Based on Facial Recognition Techniques,To ensure accurate and secure attendance management.,Research paper,Python OpenCV Machine Learning Databases AI,Anshu Mehta(E13356)
Cloud-Based Student Performance Analytics System,To analyze student performance data using cloud-based analytics and derive actionable insights through statistical and predictive models for academic improvement.,Research paper,Cloud Computing Python Data Analytics SQL Data Visualization,Anshu Mehta(E13356)
AI-Powered Resume Screening System,To design and evaluate an AI-driven resume screening model that improves recruitment efficiency through automated skill matching and comparative performance analysis.,Research paper,Python Machine Learning Natural Language Processing Data Analytics SQL,Anshu Mehta(E13356)
Personalized Disease Risk Prediction Using Secure Multi-Cloud AI Models in Healthcare,The primary objective of this project is to design and implement a secure privacy-aware AI system for personalized disease risk prediction using a multi-cloud environment. The project aims to demonstrate how federated learning can enable collaborative model training across distributed healthcare data sources without exposing sensitive patient information.,Product,Python Scikit-learn TensorFlow/PyTorch,Vaneet Kumar(E11321)
Multi-Sensor IoT System for Early Detection of Health Anomalies,To design and develop a multi-sensor IoT system that integrates wearable ambient and behavioral sensors for continuous health monitoring. To establish personalized health baselines for individuals using machine learning techniques instead of relying on population-based thresholds. To detect early deviations or anomalies from normal health patterns and generate timely alerts as decision-support information.,Product,IoT Python Understanding of sensor technologies,Vaneet Kumar(E11321)
Smart Tutor: IoT-Based Focus Monitoring and Study Assistant for Kids,The objective of the Smart Tutor project is to develop an IoT-based system that monitors a child's focus and posture during study sessions providing real-time alerts whenever attention drops or the child leaves the study area. The system aims to promote sustained study habits by sending gentle reminders and tracking task completion. It integrates wearable and ambient sensors to offer personalized feedback on attention span study duration and behavioral patterns. Additionally the project ensu,Hackathon,IoT Python Understanding of sensor technologies,Vaneet Kumar(E11321)
Artificial Intelligence Based Crime Prediction and Prevention System,"Data Collection and Integration Data Analysis Predictive Analytics & Forecasting Resource Allocation and Prevention",Patent,AI Data Analytics,Soumya Ranjan Jena(E19677)
AI Based Smart Energy Meter using Theft Detection,"Reduces NTLs: Significant reduction in financial losses from theft. Improves Accuracy: Ensures fair billing and grid management. Enhances Reliability: Improves power quality and supply stability. Automated Response: Reduces manual inspection needs.",Research paper,AI ML,Soumya Ranjan Jena(E19677)
Air Quality Prediction Using Machine Learning Models,To forecast air pollution levels and evaluate prediction models.,Research paper,Python Pandas ML Models Statistics Data Visualization,Surinder Kaur(E1033)
Performance Analysis of Load Balancing Algorithms in Cloud Computing,To experimentally evaluate load balancing strategies for cloud systems.,Research paper,Cloud Basics Networking Linux Simulation Tools Data Analysis,Surinder Kaur(E1033)
Online Blood Donation Management System,To streamline blood donation processes reduce response time during emergencies and improve healthcare accessibility.,Product,HTML CSS JavaScript PHP MySQL,Parul Parihar(E12273)
AI-Powered Resume Screening Tool,To reduce manual effort in recruitment and improve fairness and efficiency in candidate shortlisting.,Product,Python NLP Basics Regex Data Processing Flask,Parul Parihar(E12273)
Intelligent Chatbot Using NLP and Deep Learning,To develop a smart conversational chatbot that understands and responds to user queries accurately. To enhance automation and improve human-computer interaction using AI-based NLP models.,Product,Python NLP Deep Learning Neural Networks Text Processing,Manish Sharma(E5593)
Fake News Detection Using Machine Learning and NLP,To automatically detect fake news using machine learning techniques. To reduce misinformation by providing a reliable content verification system.,Research paper,Python NLP Machine Learning Text Mining Data Analysis,Manish Sharma(E5593)
Emotion Detection from Facial Expressions Using Deep Learning,To build an automated emotion recognition system using facial images. To improve user experience and behavioral analysis using AI-driven emotion detection.,Research paper,Python Deep Learning CNNs Image Processing OpenCV,Manish Sharma(E5593)
Predictive Analysis of Stock Market Using Machine Learning,To develop a stock market prediction system using machine learning. To assist investors by providing trend analysis and predictive insights.,Research paper,Python Machine Learning Data Analysis Statistics Time Series,Manish Sharma(E5593)
Smart Traffic Management System Using Artificial Intelligence,To build an intelligent traffic monitoring system using AI. To reduce congestion and enhance urban transportation efficiency through data-driven decisions.,Research paper,Python Deep Learning Machine Learning Data Analysis AI,Manish Sharma(E5593)
AI-Based Plant Species Identification Using Deep Learning,To develop an AI-based system for automatic plant species identification. To improve classification accuracy and provide a fast reliable tool for botanical research and education.,Research paper,Python Deep Learning CNNs Image Processing Data Analysis,Manish Sharma(E5593)
Handwritten Digit Recognition Using Neural Networks,To design a handwritten digit recognition system using deep learning. To achieve high accuracy in digit classification and understand neural network-based learning models.,Research paper,Python Neural Networks Deep Learning CNNs Image Processing,Manish Sharma(E5593)
Content based Image Retrieval,To do content based image retrieval,Research paper,Python programming machine learning,Rajani Misra(E8033)
Semantic image segmentation,To apply semantic segmentation using deep learning techniques,Research paper,Python programming machine learning,Rajani Misra(E8033)
Hybrid CBIR System Using Deep Features and Traditional Feature Matching,"Extract deep and handcrafted image features Fuse multiple feature representations Improve semantic retrieval performance Evaluate using standard CBIR metrics Bridge the gap between low-level and high-level features",Research paper,Python Deep Learning OpenCV CNNs Feature Matching,Rajani Misra(E8033)
Scene Image Retrieval Using Bag of Visual Words Model,"Extract SIFT descriptors Build visual vocabulary using k-means Represent images as feature histograms Perform similarity matching Evaluate retrieval performance",Research paper,Python OpenCV Machine Learning Clustering,Rajani Misra(E8033)
An AI-Based Image Recognition System Using Deep Learning.,To develop an AI-based image recognition system.,Research paper,"OpenCV Python  Jupyter Notebook",Shikha Kamal(E12552)
Smart Attendance System (Face Recognition),To automate the traditional attendance system To reduce proxy attendance To improve accuracy and save time To implement real-time face recognition using AI,Research paper,Uses OpenCV + CNN,Rajneet Kaur(E12892)
Traffic Sign Recognition System,To identify traffic signs accurately To enhance road safety To apply deep learning for image classification To support autonomous vehicle research,Product,Python,Rajneet Kaur(E12892)
Industrial Defect Image Retrieval Using Feature Matching and Deep Learning,Develop a CBIR system for industrial defect images Extract texture shape and deep visual features Perform feature matching using similarity metrics Retrieve visually similar defect cases efficiently Reduce manual inspection time and human error,Research paper,Python OpenCV Image Processing Deep Learning Feature Extraction,Rajani Misra(E8033)
Quantum-Inspired Decision Kill-Switch for Safe and Trustworthy Artificial Intelligence Systems,To develop a quantum-inspired decision kill-switch that enables AI systems to withhold decisions under high uncertainty or risk instead of forcing potentially unsafe outputs. To introduce a decision-level safety framework that enhances trustworthiness and reliability of AI systems without aiming to improve model accuracy or computational performance. To demonstrate the effectiveness of the proposed mechanism in security-critical applications such as biometric authentication and fraud detectio,Research paper,Python OpenCV,Rajani Misra(E8033)
AI-Powered Smart Wearable for Early Health Risk Detection,The objective is to design an intelligent low-power wearable system capable of detecting early health risks before critical conditions arise. The project aims to shift healthcare from reactive treatment to proactive prevention by enabling continuous health assessment. Another objective is to perform AI inference at the edge to ensure low latency privacy preservation and reduced communication costs. The system also aims to provide explainable alerts to users and caregivers improving trust and,Product,Embedded Systems & Microcontrollers Python / Embedded C Machine Learning Fundamentals Sensor Inte,Suraj Pal Singh(E13804)
AI-Driven Autonomous Waste Segregation and Collection Robot,The objective is to design an intelligent robotic system that automates waste collection and segregation with minimal human intervention. The project aims to address inefficient waste management practices by combining AI-driven perception with autonomous navigation. Another objective is to reduce human exposure to hazardous waste and improve recycling efficiency. The system is designed to be modular and scalable allowing deployment in smart cities campuses and industrial areas. This project e,Product,Robotics & Embedded Systems Computer Vision (OpenCV CNNs) Python / ROS Motor Control & Sensors,Suraj Pal Singh(E13804)
AI-Based Cyberbullying Severity Detection System,To design an AI-based system that automatically detects cyberbullying content and classifies its severity levels using natural language processing and machine learning techniques. The project aims to support safer online environments by enabling early identification of harmful interactions while providing interpretable insights into linguistic patterns associated with varying severity levels.,Product,Python NLP basics Machine learning concepts Data preprocessing Text analysis,Komalpreet Saini(E14279)
AI-Based Resume Skill Gap Analysis and Career Guidance System,To develop an AI-based system that analyzes resumes and job descriptions to identify missing skills and learning gaps. The project aims to support students and job seekers by providing data-driven insights into employability requirements comparing traditional text-based methods with modern embedding techniques for accurate skill gap detection.,Product,Python NLP basics Machine learning concepts Data preprocessing Text similarity,Komalpreet Saini(E14279)
Driver Drowsiness Detection and Alert System,To enhance road safety by developing an intelligent system capable of detecting fatigue indicators in drivers. The project emphasizes real-time analysis and proactive accident prevention.,Research paper,Python ML OpenCV Image processing Hardware,Dilshad Kaur(E13682)
Machine Learning–Based Learning Style Adaptation System,To design a machine learning–based system that identifies students' preferred learning styles—such as visual textual or practice-oriented—by analyzing interaction and engagement data. The project aims to improve personalized learning experiences through behavior modeling model comparison and feature importance analysis while supporting adaptive educational platforms.,Research paper,Python Machine learning basics Data analysis Feature engineering Statistics,Komalpreet Saini(E14279)
Intelligent Classroom Noise Pattern Analysis Using Machine Learning,To analyze classroom acoustic data and apply machine learning to classify learning environments. The project focuses on audio feature extraction classification models and low-cost sensing for academic analytics without using cameras.,Research paper,Python ML basics Audio features Data analysis Arduino,Dilshad Kaur(E13682)
Gesture-Based Presentation Controller,To create touch-free and intuitive presentation control systems.,Product,Python OpenCV Image Processing ML Basics,Gagandeep Kaur(E19500)
Smart Plagiarism Detection System,To detect duplicate or copied content efficiently,Product,Python,Rajan Sachdeva(E12441)
YouTube Video Download Manager,To provide offline access to educational and informational videos.,Product,Python,Rajan Sachdeva(E12441)
Guess the Character Game,To improve logical reasoning and decision-making,Hackathon,Python,Rajan Sachdeva(E12441)
IoT-Enabled Automated Irrigation System,To conserve water and improve crop yield through automated irrigation control.,Product,Arduino Sensors Embedded C IoT Basics Circuit Design,Parul Parihar(E12273)
Page Rank,Complete the following functions : transition model  sample_pagerank iterative page_rank,Service,Python  How Search Engines operate  Random Surfer Model  HTML,Lipakshi(E19704)
Build your own Linux / Dos commands,Build your own Linux / Dos command using Linux and scripting knowledge in Bash.,Product,Linux  Bash Scripting,Lipakshi(E19704)
X (twitter) Sentiment Analysis using Python,Classification Report drawing comparison between different classification models,Product,Python  Knowledge of Data Science,Lipakshi(E19704)
IoT-Based Smart Energy Monitoring System,To design a low-cost smart energy monitoring system acquire real-time energy data transmit data securely to the cloud visualize power usage trends and promote energy-efficient practices.,Product,Embedded C IoT Basics Sensors Microcontrollers Cloud Platforms,Simranjeet Kour(E13963)